"alpha2Code";"capital";"name";"region"
"AF";"Kabul";"Afghanistan";"Asia"
"AL";"Tirana";"Albania";"Europe"
"DZ";"Algiers";"Algeria";"Africa"
"AO";"Luanda";"Angola";"Africa"
"AR";"Buenos Aires";"Argentina";"Americas"
"AM";"Yerevan";"Armenia";"Asia"
"AU";"Canberra";"Australia";"Oceania"
"AT";"Vienna";"Austria";"Europe"
"AZ";"Baku";"Azerbaijan";"Asia"
"BH";"Manama";"Bahrain";"Asia"
"BD";"Dhaka";"Bangladesh";"Asia"
"BY";"Minsk";"Belarus";"Europe"
"BE";"Brussels";"Belgium";"Europe"
"BZ";"Belmopan";"Belize";"Americas"
"BJ";"Porto-Novo";"Benin";"Africa"
"BT";"Thimphu";"Bhutan";"Asia"
"BO";"Sucre";"Bolivia (Plurinational State of)";"Americas"
"BA";"Sarajevo";"Bosnia and Herzegovina";"Europe"
"BW";"Gaborone";"Botswana";"Africa"
"BR";"Brasília";"Brazil";"Americas"
"BG";"Sofia";"Bulgaria";"Europe"
"BF";"Ouagadougou";"Burkina Faso";"Africa"
"BI";"Gitega";"Burundi";"Africa"
"KH";"Phnom Penh";"Cambodia";"Asia"
"CM";"Yaoundé";"Cameroon";"Africa"
"CA";"Ottawa";"Canada";"Americas"
"CV";"Praia";"Cabo Verde";"Africa"
"CF";"Bangui";"Central African Republic";"Africa"
"TD";"N'Djamena";"Chad";"Africa"
"CL";"Santiago";"Chile";"Americas"
"CN";"Beijing";"China";"Asia"
"CO";"Bogotá";"Colombia";"Americas"
"KM";"Moroni";"Comoros";"Africa"
"CG";"Brazzaville";"Congo";"Africa"
"CR";"San José";"Costa Rica";"Americas"
"HR";"Zagreb";"Croatia";"Europe"
"CU";"Havana";"Cuba";"Americas"
"CY";"Nicosia";"Cyprus";"Europe"
"CZ";"Prague";"Czech Republic";"Europe"
"DK";"Copenhagen";"Denmark";"Europe"
"DJ";"Djibouti";"Djibouti";"Africa"
"DO";"Santo Domingo";"Dominican Republic";"Americas"
"EC";"Quito";"Ecuador";"Americas"
"EG";"Cairo";"Egypt";"Africa"
"SV";"San Salvador";"El Salvador";"Americas"
"GQ";"Malabo";"Equatorial Guinea";"Africa"
"EE";"Tallinn";"Estonia";"Europe"
"ET";"Addis Ababa";"Ethiopia";"Africa"
"FJ";"Suva";"Fiji";"Oceania"
"FI";"Helsinki";"Finland";"Europe"
"FR";"Paris";"France";"Europe"
"GA";"Libreville";"Gabon";"Africa"
"GE";"Tbilisi";"Georgia";"Asia"
"DE";"Berlin";"Germany";"Europe"
"GH";"Accra";"Ghana";"Africa"
"GR";"Athens";"Greece";"Europe"
"GT";"Guatemala City";"Guatemala";"Americas"
"GN";"Conakry";"Guinea";"Africa"
"GW";"Bissau";"Guinea-Bissau";"Africa"
"GY";"Georgetown";"Guyana";"Americas"
"HT";"Port-au-Prince";"Haiti";"Americas"
"VA";"Vatican City";"Vatican City";"Europe"
"HN";"Tegucigalpa";"Honduras";"Americas"
"HK";"City of Victoria";"Hong Kong";"Asia"
"HU";"Budapest";"Hungary";"Europe"
"IS";"Reykjavík";"Iceland";"Europe"
"IN";"New Delhi";"India";"Asia"
"ID";"Jakarta";"Indonesia";"Asia"
"CI";"Yamoussoukro";"Côte d'Ivoire";"Africa"
"IR";"Tehran";"Iran (Islamic Republic of)";"Asia"
"IQ";"Baghdad";"Iraq";"Asia"
"IE";"Dublin";"Ireland";"Europe"
"IL";"Jerusalem";"Israel";"Asia"
"IT";"Rome";"Italy";"Europe"
"JM";"Kingston";"Jamaica";"Americas"
"JP";"Tokyo";"Japan";"Asia"
"JO";"Amman";"Jordan";"Asia"
"KZ";"Nur-Sultan";"Kazakhstan";"Asia"
"KE";"Nairobi";"Kenya";"Africa"
"KW";"Kuwait City";"Kuwait";"Asia"
"KG";"Bishkek";"Kyrgyzstan";"Asia"
"LA";"Vientiane";"Lao People's Democratic Republic";"Asia"
"LV";"Riga";"Latvia";"Europe"
"LB";"Beirut";"Lebanon";"Asia"
"LS";"Maseru";"Lesotho";"Africa"
"LR";"Monrovia";"Liberia";"Africa"
"LY";"Tripoli";"Libya";"Africa"
"LT";"Vilnius";"Lithuania";"Europe"
"LU";"Luxembourg";"Luxembourg";"Europe"
"MK";"Skopje";"North Macedonia";"Europe"
"MG";"Antananarivo";"Madagascar";"Africa"
"MW";"Lilongwe";"Malawi";"Africa"
"MY";"Kuala Lumpur";"Malaysia";"Asia"
"MV";"Malé";"Maldives";"Asia"
"ML";"Bamako";"Mali";"Africa"
"MT";"Valletta";"Malta";"Europe"
"MR";"Nouakchott";"Mauritania";"Africa"
"MU";"Port Louis";"Mauritius";"Africa"
"MX";"Mexico City";"Mexico";"Americas"
"MD";"Chisinau";"Moldova (Republic of)";"Europe"
"MN";"Ulan Bator";"Mongolia";"Asia"
"ME";"Podgorica";"Montenegro";"Europe"
"MA";"Rabat";"Morocco";"Africa"
"MZ";"Maputo";"Mozambique";"Africa"
"MM";"Naypyidaw";"Myanmar";"Asia"
"NA";"Windhoek";"Namibia";"Africa"
"NP";"Kathmandu";"Nepal";"Asia"
"NL";"Amsterdam";"Netherlands";"Europe"
"NZ";"Wellington";"New Zealand";"Oceania"
"NI";"Managua";"Nicaragua";"Americas"
"NE";"Niamey";"Niger";"Africa"
"NG";"Abuja";"Nigeria";"Africa"
"KP";"Pyongyang";"Korea (Democratic People's Republic of)";"Asia"
"NO";"Oslo";"Norway";"Europe"
"OM";"Muscat";"Oman";"Asia"
"PK";"Islamabad";"Pakistan";"Asia"
"PA";"Panama City";"Panama";"Americas"
"PG";"Port Moresby";"Papua New Guinea";"Oceania"
"PY";"Asunción";"Paraguay";"Americas"
"PE";"Lima";"Peru";"Americas"
"PH";"Manila";"Philippines";"Asia"
"PL";"Warsaw";"Poland";"Europe"
"PT";"Lisbon";"Portugal";"Europe"
"QA";"Doha";"Qatar";"Asia"
"RO";"Bucharest";"Romania";"Europe"
"RU";"Moscow";"Russian Federation";"Europe"
"RW";"Kigali";"Rwanda";"Africa"
"LC";"Castries";"Saint Lucia";"Americas"
"ST";"São Tomé";"Sao Tome and Principe";"Africa"
"SA";"Riyadh";"Saudi Arabia";"Asia"
"SN";"Dakar";"Senegal";"Africa"
"RS";"Belgrade";"Serbia";"Europe"
"SC";"Victoria";"Seychelles";"Africa"
"SL";"Freetown";"Sierra Leone";"Africa"
"SG";"Singapore";"Singapore";"Asia"
"SK";"Bratislava";"Slovakia";"Europe"
"SI";"Ljubljana";"Slovenia";"Europe"
"SO";"Mogadishu";"Somalia";"Africa"
"ZA";"Pretoria";"South Africa";"Africa"
"KR";"Seoul";"Korea (Republic of)";"Asia"
"SS";"Juba";"South Sudan";"Africa"
"ES";"Madrid";"Spain";"Europe"
"LK";"Sri Jayawardenepura Kotte";"Sri Lanka";"Asia"
"SD";"Khartoum";"Sudan";"Africa"
"SR";"Paramaribo";"Suriname";"Americas"
"SZ";"Mbabane";"Eswatini";"Africa"
"SE";"Stockholm";"Sweden";"Europe"
"CH";"Bern";"Switzerland";"Europe"
"SY";"Damascus";"Syrian Arab Republic";"Asia"
"TW";"Taipei";"Taiwan";"Asia"
"TJ";"Dushanbe";"Tajikistan";"Asia"
"TZ";"Dodoma";"Tanzania, United Republic of";"Africa"
"TH";"Bangkok";"Thailand";"Asia"
"TL";"Dili";"Timor-Leste";"Asia"
"TG";"Lomé";"Togo";"Africa"
"TT";"Port of Spain";"Trinidad and Tobago";"Americas"
"TN";"Tunis";"Tunisia";"Africa"
"TR";"Ankara";"Turkey";"Asia"
"TM";"Ashgabat";"Turkmenistan";"Asia"
"UG";"Kampala";"Uganda";"Africa"
"UA";"Kyiv";"Ukraine";"Europe"
"AE";"Abu Dhabi";"United Arab Emirates";"Asia"
"US";"Washington, D.C.";"United States of America";"Americas"
"UY";"Montevideo";"Uruguay";"Americas"
"UZ";"Tashkent";"Uzbekistan";"Asia"
"VE";"Caracas";"Venezuela (Bolivarian Republic of)";"Americas"
"VN";"Hanoi";"Vietnam";"Asia"
"YE";"Sana'a";"Yemen";"Asia"
"ZM";"Lusaka";"Zambia";"Africa"
"ZW";"Harare";"Zimbabwe";"Africa"
